4ae59ad0dc772d2f31136148b10d10fe	CNAME	admin.cloudcache.ai	cloudcache.ai	true	2025-08-07T11:26:25.088648Z
2ad95fbe475bef50417573843568b97c	CNAME	admin-staging.cloudcache.ai	cloudcache.ai	true	2025-10-11T05:13:56.491685Z
27510c9530e515b6759ad6a6ab7b711a	CNAME	apex-staging.cloudcache.ai	cloudcache.ai	true	2025-10-11T05:14:07.585643Z
ec88b8824247d72d636f903366acc07a	CNAME	app.cloudcache.ai	cloudcache.ai	true	2025-08-14T14:16:30.111233Z
85477fe50749fad15ea1a62c0c4cad5d	CNAME	app-staging.cloudcache.ai	cloudcache.ai	true	2025-10-11T05:13:42.413611Z
b09f294cac0f3fd5c321b15bc7cbc99a	CNAME	cloudcache.ai	cloudcache.pages.dev	true	2025-08-14T14:36:50.401232Z
ae13647dc685b1590c46a03fcb1aee10	CNAME	protonmail2._domainkey.cloudcache.ai	protonmail2.domainkey.dlturto4p7mm724t3eh7jjbruh6ctizhex43yxgc7xymsimzjbr6q.domains.proton.ch	false	2025-08-03T10:26:31.07949Z
b03639e440badec06876cbb2972f1711	CNAME	protonmail3._domainkey.cloudcache.ai	protonmail3.domainkey.dlturto4p7mm724t3eh7jjbruh6ctizhex43yxgc7xymsimzjbr6q.domains.proton.ch	false	2025-08-03T10:26:54.508941Z
39d17eba3f15b67d5d5bd2ba8c744cf6	CNAME	protonmail._domainkey.cloudcache.ai	protonmail.domainkey.dlturto4p7mm724t3eh7jjbruh6ctizhex43yxgc7xymsimzjbr6q.domains.proton.ch	false	2025-08-03T10:25:32.497926Z
e8f5d84048b5b8495d6eb39c3effd178	CNAME	www.cloudcache.ai	cloudcache.pages.dev	true	2025-08-14T14:14:07.696698Z
b4ccab130536c5b69703f2f93c4409e6	AAAA	api.cloudcache.ai	100::	true	2025-08-15T05:07:23.828488Z
